accountId,password,role,employeeId,companyId
E001,1234,employee,E001,C001
E002,1234,employee,E002,C001
E003,1234,employee,E003,C001
E004,1234,employee,E004,C001
E005,1234,employee,E005,C001
E006,1234,employee,E006,C001
E007,1234,employee,E007,C001
E008,1234,employee,E008,C001
E009,1234,employee,E009,C001
E010,1234,employee,E010,C001
E011,1234,employee,E011,C001
E012,1234,employee,E012,C001
E013,1234,employee,E013,C001
E014,1234,employee,E014,C001
E015,1234,employee,E015,C001
E016,1234,employee,E016,C001
E017,1234,employee,E017,C001
E018,1234,employee,E018,C001
E019,1234,employee,E019,C001
E020,1234,employee,E020,C001
E021,1234,employee,E021,C001
E022,1234,employee,E022,C001
E023,1234,employee,E023,C001
E024,1234,employee,E024,C001
E025,1234,employee,E025,C001
E026,1234,employee,E026,C001
E027,1234,employee,E027,C001
E028,1234,employee,E028,C001
E029,1234,employee,E029,C001
E030,1234,employee,E030,C001
E031,1234,employee,E031,C001
E032,1234,employee,E032,C001
E033,1234,employee,E033,C001
E034,1234,employee,E034,C001
E035,1234,employee,E035,C001
E036,1234,employee,E036,C001
E037,1234,employee,E037,C001
E038,1234,employee,E038,C001
E039,1234,employee,E039,C001
E040,1234,employee,E040,C001
E041,1234,employee,E041,C001
E042,1234,employee,E042,C001
E043,1234,employee,E043,C001
E044,1234,employee,E044,C001
E045,1234,employee,E045,C001
E046,1234,employee,E046,C001
E047,1234,employee,E047,C001
E048,1234,employee,E048,C001
E049,1234,employee,E049,C001
E050,1234,employee,E050,C001
E051,1234,employee,E051,C001
E052,1234,employee,E052,C001
E053,1234,employee,E053,C001
E054,1234,employee,E054,C001
E055,1234,employee,E055,C001
E056,1234,employee,E056,C001
E057,1234,employee,E057,C001
E058,1234,employee,E058,C001
E059,1234,employee,E059,C001
E060,1234,employee,E060,C001
E061,1234,employee,E061,C001
E062,1234,employee,E062,C001
E063,1234,employee,E063,C001
E064,1234,employee,E064,C001
E065,1234,employee,E065,C001
E066,1234,employee,E066,C001
E067,1234,employee,E067,C001
E068,1234,employee,E068,C001
E069,1234,employee,E069,C001
E070,1234,employee,E070,C001
E071,1234,employee,E071,C001
E072,1234,employee,E072,C001
E073,1234,employee,E073,C001
E074,1234,employee,E074,C001
E075,1234,employee,E075,C001
E076,1234,employee,E076,C001
E077,1234,employee,E077,C001
E078,1234,employee,E078,C001
E079,1234,employee,E079,C001
E080,1234,employee,E080,C001
E081,1234,employee,E081,C001
E082,1234,employee,E082,C001
E083,1234,employee,E083,C001
E084,1234,employee,E084,C001
E085,1234,employee,E085,C001
E086,1234,employee,E086,C001
E087,1234,employee,E087,C001
E088,1234,employee,E088,C001
E089,1234,employee,E089,C001
E090,1234,employee,E090,C001
E091,1234,employee,E091,C001
E092,1234,employee,E092,C001
E093,1234,employee,E093,C001
E094,1234,employee,E094,C001
E095,1234,employee,E095,C001
E096,1234,employee,E096,C001
E097,1234,employee,E097,C001
E098,1234,employee,E098,C001
E099,1234,employee,E099,C001
E100,1234,employee,E100,C001
E101,1234,employee,E101,C001
E102,1234,employee,E102,C001
E103,1234,employee,E103,C001
E104,1234,employee,E104,C001
E105,1234,employee,E105,C001
E106,1234,employee,E106,C001
E107,1234,employee,E107,C001
E108,1234,employee,E108,C001
E109,1234,employee,E109,C001
E110,1234,employee,E110,C001
E111,1234,employee,E111,C001
E112,1234,employee,E112,C001
E113,1234,employee,E113,C001
E114,1234,employee,E114,C001
E115,1234,employee,E115,C001
E116,1234,employee,E116,C001
E117,1234,employee,E117,C001
E118,1234,employee,E118,C001
E119,1234,employee,E119,C001
E120,1234,employee,E120,C001
E121,1234,employee,E121,C001
E122,1234,employee,E122,C001
E123,1234,employee,E123,C001
E124,1234,employee,E124,C001
E125,1234,employee,E125,C001
E126,1234,employee,E126,C001
E127,1234,employee,E127,C001
E128,1234,employee,E128,C001
E129,1234,employee,E129,C001
E130,1234,employee,E130,C001
E131,1234,employee,E131,C001
E132,1234,employee,E132,C001
E133,1234,employee,E133,C001
E134,1234,employee,E134,C001
E135,1234,employee,E135,C001
E136,1234,employee,E136,C001
E137,1234,employee,E137,C001
E138,1234,employee,E138,C001
E139,1234,employee,E139,C001
E140,1234,employee,E140,C001
E141,1234,employee,E141,C001
E142,1234,employee,E142,C001
E143,1234,employee,E143,C001
E144,1234,employee,E144,C001
E145,1234,employee,E145,C001
E146,1234,employee,E146,C001
E147,1234,employee,E147,C001
E148,1234,employee,E148,C001
E149,1234,employee,E149,C001
E150,1234,employee,E150,C001
E151,1234,employee,E151,C001
E152,1234,employee,E152,C001
E153,1234,employee,E153,C001
E154,1234,employee,E154,C001
E155,1234,employee,E155,C001
E156,1234,employee,E156,C001
E157,1234,employee,E157,C001
E158,1234,employee,E158,C001
E159,1234,employee,E159,C001
E160,1234,employee,E160,C001
E161,1234,employee,E161,C001
E162,1234,employee,E162,C001
E163,1234,employee,E163,C001
E164,1234,employee,E164,C001
E165,1234,employee,E165,C001
E166,1234,employee,E166,C001
E167,1234,employee,E167,C001
E168,1234,employee,E168,C001
E169,1234,employee,E169,C001
E170,1234,employee,E170,C001
E171,1234,employee,E171,C001
E172,1234,employee,E172,C001
E173,1234,employee,E173,C001
E174,1234,employee,E174,C001
E175,1234,employee,E175,C001
E176,1234,employee,E176,C001
E177,1234,employee,E177,C001
E178,1234,employee,E178,C001
E179,1234,employee,E179,C001
E180,1234,employee,E180,C001
E181,1234,employee,E181,C001
E182,1234,employee,E182,C001
E183,1234,employee,E183,C001
E184,1234,employee,E184,C001
E185,1234,employee,E185,C001
E186,1234,employee,E186,C001
E187,1234,employee,E187,C001
E188,1234,employee,E188,C001
E189,1234,employee,E189,C001
E190,1234,employee,E190,C001
E191,1234,employee,E191,C001
E192,1234,employee,E192,C001
E193,1234,employee,E193,C001
E194,1234,employee,E194,C001
E195,1234,employee,E195,C001
E196,1234,employee,E196,C001
E197,1234,employee,E197,C001
E198,1234,employee,E198,C001
E199,1234,employee,E199,C001
E200,1234,employee,E200,C001
E201,1234,employee,E201,C001
E202,1234,employee,E202,C001
E203,1234,employee,E203,C001
E204,1234,employee,E204,C001
E205,1234,employee,E205,C001
E206,1234,employee,E206,C001
E207,1234,employee,E207,C001
E208,1234,employee,E208,C001
E209,1234,employee,E209,C001
E210,1234,employee,E210,C001
E211,1234,employee,E211,C001
E212,1234,employee,E212,C001
E213,1234,employee,E213,C001
E214,1234,employee,E214,C001
E215,1234,employee,E215,C001
E216,1234,employee,E216,C001
E217,1234,employee,E217,C001
E218,1234,employee,E218,C001
E219,1234,employee,E219,C001
E220,1234,employee,E220,C001
E221,1234,employee,E221,C001
E222,1234,employee,E222,C001
E223,1234,employee,E223,C001
E224,1234,employee,E224,C001
E225,1234,employee,E225,C001
E226,1234,employee,E226,C001
E227,1234,employee,E227,C001
E228,1234,employee,E228,C001
E229,1234,employee,E229,C001
E230,1234,employee,E230,C001
E231,1234,employee,E231,C001
E232,1234,employee,E232,C001
E233,1234,employee,E233,C001
E234,1234,employee,E234,C001
E235,1234,employee,E235,C001
E236,1234,employee,E236,C001
E237,1234,employee,E237,C001
E238,1234,employee,E238,C001
E239,1234,employee,E239,C001
E240,1234,employee,E240,C001
E241,1234,employee,E241,C001
E242,1234,employee,E242,C001
E243,1234,employee,E243,C001
E244,1234,employee,E244,C001
E245,1234,employee,E245,C001
E246,1234,employee,E246,C001
E247,1234,employee,E247,C001
E248,1234,employee,E248,C001
E249,1234,employee,E249,C001
E250,1234,employee,E250,C001
E251,1234,employee,E251,C001
E252,1234,employee,E252,C001
E253,1234,employee,E253,C001
E254,1234,employee,E254,C001
E255,1234,employee,E255,C001
E256,1234,employee,E256,C001
E257,1234,employee,E257,C001
E258,1234,employee,E258,C001
E259,1234,employee,E259,C001
E260,1234,employee,E260,C001
E261,1234,employee,E261,C001
E262,1234,employee,E262,C001
E263,1234,employee,E263,C001
E264,1234,employee,E264,C001
E265,1234,employee,E265,C001
E266,1234,employee,E266,C001
E267,1234,employee,E267,C001
E268,1234,employee,E268,C001
E269,1234,employee,E269,C001
E270,1234,employee,E270,C001
E271,1234,employee,E271,C001
E272,1234,employee,E272,C001
E273,1234,employee,E273,C001
E274,1234,employee,E274,C001
E275,1234,employee,E275,C001
E276,1234,employee,E276,C001
E277,1234,employee,E277,C001
E278,1234,employee,E278,C001
E279,1234,employee,E279,C001
E280,1234,employee,E280,C001
E281,1234,employee,E281,C001
E282,1234,employee,E282,C001
E283,1234,employee,E283,C001
E284,1234,employee,E284,C001
E285,1234,employee,E285,C001
E286,1234,employee,E286,C001
E287,1234,employee,E287,C001
E288,1234,employee,E288,C001
E289,1234,employee,E289,C001
E290,1234,employee,E290,C001
E291,1234,employee,E291,C001
E292,1234,employee,E292,C001
E293,1234,employee,E293,C001
E294,1234,employee,E294,C001
E295,1234,employee,E295,C001
E296,1234,employee,E296,C001
E297,1234,employee,E297,C001
E298,1234,employee,E298,C001
E299,1234,employee,E299,C001
E300,1234,employee,E300,C001
E301,1234,employee,E301,C001
E302,1234,employee,E302,C001
E303,1234,employee,E303,C001
E304,1234,employee,E304,C001
E305,1234,employee,E305,C001
E306,1234,employee,E306,C001
E307,1234,employee,E307,C001
E308,1234,employee,E308,C001
E309,1234,employee,E309,C001
E310,1234,employee,E310,C001
E311,1234,employee,E311,C001
E312,1234,employee,E312,C001
E313,1234,employee,E313,C001
E314,1234,employee,E314,C001
E315,1234,employee,E315,C001
E316,1234,employee,E316,C001
E317,1234,employee,E317,C001
E318,1234,employee,E318,C001
E319,1234,employee,E319,C001
E320,1234,employee,E320,C001
E321,1234,employee,E321,C001
E322,1234,employee,E322,C001
E323,1234,employee,E323,C001
E324,1234,employee,E324,C001
E325,1234,employee,E325,C001
E326,1234,employee,E326,C001
E327,1234,employee,E327,C001
E328,1234,employee,E328,C001
E329,1234,employee,E329,C001
E330,1234,employee,E330,C001
E331,1234,employee,E331,C001
E332,1234,employee,E332,C001
E333,1234,employee,E333,C001
E334,1234,employee,E334,C001
E335,1234,employee,E335,C001
E336,1234,employee,E336,C001
E337,1234,employee,E337,C001
E338,1234,employee,E338,C001
E339,1234,employee,E339,C001
E340,1234,employee,E340,C001
E341,1234,employee,E341,C001
E342,1234,employee,E342,C001
E343,1234,employee,E343,C001
E344,1234,employee,E344,C001
E345,1234,employee,E345,C001
E346,1234,employee,E346,C001
E347,1234,employee,E347,C001
E348,1234,employee,E348,C001
E349,1234,employee,E349,C001
E350,1234,employee,E350,C001
E351,1234,employee,E351,C001
E352,1234,employee,E352,C001
E353,1234,employee,E353,C001
E354,1234,employee,E354,C001
E355,1234,employee,E355,C001
E356,1234,employee,E356,C001
E357,1234,employee,E357,C001
E358,1234,employee,E358,C001
E359,1234,employee,E359,C001
E360,1234,employee,E360,C001
E361,1234,employee,E361,C001
E362,1234,employee,E362,C001
E363,1234,employee,E363,C001
E364,1234,employee,E364,C001
E365,1234,employee,E365,C001
E366,1234,employee,E366,C001
E367,1234,employee,E367,C001
E368,1234,employee,E368,C001
E369,1234,employee,E369,C001
E370,1234,employee,E370,C001
E371,1234,employee,E371,C001
E372,1234,employee,E372,C001
E373,1234,employee,E373,C001
E374,1234,employee,E374,C001
E375,1234,employee,E375,C001
E376,1234,employee,E376,C001
E377,1234,employee,E377,C001
E378,1234,employee,E378,C001
E379,1234,employee,E379,C001
E380,1234,employee,E380,C001
E381,1234,employee,E381,C001
E382,1234,employee,E382,C001
E383,1234,employee,E383,C001
E384,1234,employee,E384,C001
E385,1234,employee,E385,C001
E386,1234,employee,E386,C001
E387,1234,employee,E387,C001
E388,1234,employee,E388,C001
E389,1234,employee,E389,C001
E390,1234,employee,E390,C001
E391,1234,employee,E391,C001
E392,1234,employee,E392,C001
E393,1234,employee,E393,C001
E394,1234,employee,E394,C001
E395,1234,employee,E395,C001
E396,1234,employee,E396,C001
E397,1234,employee,E397,C001
E398,1234,employee,E398,C001
E399,1234,employee,E399,C001
E400,1234,employee,E400,C001
E401,1234,employee,E401,C001
E402,1234,employee,E402,C001
E403,1234,employee,E403,C001
E404,1234,employee,E404,C001
E405,1234,employee,E405,C001
E406,1234,employee,E406,C001
E407,1234,employee,E407,C001
E408,1234,employee,E408,C001
E409,1234,employee,E409,C001
E410,1234,employee,E410,C001
E411,1234,employee,E411,C001
E412,1234,employee,E412,C001
E413,1234,employee,E413,C001
E414,1234,employee,E414,C001
E415,1234,employee,E415,C001
E416,1234,employee,E416,C001
E417,1234,employee,E417,C001
E418,1234,employee,E418,C001
E419,1234,employee,E419,C001
E420,1234,employee,E420,C001
E421,1234,employee,E421,C001
E422,1234,employee,E422,C001
E423,1234,employee,E423,C001
E424,1234,employee,E424,C001
E425,1234,employee,E425,C001
E426,1234,employee,E426,C001
E427,1234,employee,E427,C001
E428,1234,employee,E428,C001
E429,1234,employee,E429,C001
E430,1234,employee,E430,C001
E431,1234,employee,E431,C001
E432,1234,employee,E432,C001
E433,1234,employee,E433,C001
E434,1234,employee,E434,C001
E435,1234,employee,E435,C001
E436,1234,employee,E436,C001
E437,1234,employee,E437,C001
E438,1234,employee,E438,C001
E439,1234,employee,E439,C001
E440,1234,employee,E440,C001
E441,1234,employee,E441,C001
E442,1234,employee,E442,C001
E443,1234,employee,E443,C001
E444,1234,employee,E444,C001
E445,1234,employee,E445,C001
E446,1234,employee,E446,C001
E447,1234,employee,E447,C001
E448,1234,employee,E448,C001
E449,1234,employee,E449,C001
E450,1234,employee,E450,C001
E451,1234,employee,E451,C001
E452,1234,employee,E452,C001
E453,1234,employee,E453,C001
E454,1234,employee,E454,C001
E455,1234,employee,E455,C001
E456,1234,employee,E456,C001
E457,1234,employee,E457,C001
E458,1234,employee,E458,C001
E459,1234,employee,E459,C001
E460,1234,employee,E460,C001
E461,1234,employee,E461,C001
E462,1234,employee,E462,C001
E463,1234,employee,E463,C001
E464,1234,employee,E464,C001
E465,1234,employee,E465,C001
E466,1234,employee,E466,C001
E467,1234,employee,E467,C001
E468,1234,employee,E468,C001
E469,1234,employee,E469,C001
E470,1234,employee,E470,C001
E471,1234,employee,E471,C001
E472,1234,employee,E472,C001
E473,1234,employee,E473,C001
E474,1234,employee,E474,C001
E475,1234,employee,E475,C001
E476,1234,employee,E476,C001
E477,1234,employee,E477,C001
E478,1234,employee,E478,C001
E479,1234,employee,E479,C001
E480,1234,employee,E480,C001
E481,1234,employee,E481,C001
E482,1234,employee,E482,C001
E483,1234,employee,E483,C001
E484,1234,employee,E484,C001
E485,1234,employee,E485,C001
E486,1234,employee,E486,C001
E487,1234,employee,E487,C001
E488,1234,employee,E488,C001
E489,1234,employee,E489,C001
E490,1234,employee,E490,C001
E491,1234,employee,E491,C001
E492,1234,employee,E492,C001
E493,1234,employee,E493,C001
E494,1234,employee,E494,C001
E495,1234,employee,E495,C001
E496,1234,employee,E496,C001
E497,1234,employee,E497,C001
E498,1234,employee,E498,C001
E499,1234,employee,E499,C001
E500,1234,employee,E500,C001
E501,1234,employee,E501,C001
E502,1234,employee,E502,C001
E503,1234,employee,E503,C001
E504,1234,employee,E504,C001
E505,1234,employee,E505,C001
E506,1234,employee,E506,C001
E507,1234,employee,E507,C001
E508,1234,employee,E508,C001
E509,1234,employee,E509,C001
E510,1234,employee,E510,C001
E511,1234,employee,E511,C001
E512,1234,employee,E512,C001
E513,1234,employee,E513,C001
E514,1234,employee,E514,C001
E515,1234,employee,E515,C001
E516,1234,employee,E516,C001
E517,1234,employee,E517,C001
E518,1234,employee,E518,C001
E519,1234,employee,E519,C001
E520,1234,employee,E520,C001
E521,1234,employee,E521,C001
E522,1234,employee,E522,C001
E523,1234,employee,E523,C001
E524,1234,employee,E524,C001
E525,1234,employee,E525,C001
E526,1234,employee,E526,C001
E527,1234,employee,E527,C001
E528,1234,employee,E528,C001
E529,1234,employee,E529,C001
E530,1234,employee,E530,C001
E531,1234,employee,E531,C001
E532,1234,employee,E532,C001
E533,1234,employee,E533,C001
E534,1234,employee,E534,C001
E535,1234,employee,E535,C001
E536,1234,employee,E536,C001
E537,1234,employee,E537,C001
E538,1234,employee,E538,C001
E539,1234,employee,E539,C001
E540,1234,employee,E540,C001
E541,1234,employee,E541,C001
E542,1234,employee,E542,C001
E543,1234,employee,E543,C001
E544,1234,employee,E544,C001
E545,1234,employee,E545,C001
E546,1234,employee,E546,C001
E547,1234,employee,E547,C001
E548,1234,employee,E548,C001
E549,1234,employee,E549,C001
E550,1234,employee,E550,C001
E551,1234,employee,E551,C001
E552,1234,employee,E552,C001
E553,1234,employee,E553,C001
E554,1234,employee,E554,C001
E555,1234,employee,E555,C001
E556,1234,employee,E556,C001
E557,1234,employee,E557,C001
E558,1234,employee,E558,C001
E559,1234,employee,E559,C001
E560,1234,employee,E560,C001
E561,1234,employee,E561,C001
E562,1234,employee,E562,C001
E563,1234,employee,E563,C001
E564,1234,employee,E564,C001
E565,1234,employee,E565,C001
E566,1234,employee,E566,C001
E567,1234,employee,E567,C001
E568,1234,employee,E568,C001
E569,1234,employee,E569,C001
E570,1234,employee,E570,C001
E571,1234,employee,E571,C001
E572,1234,employee,E572,C001
E573,1234,employee,E573,C001
E574,1234,employee,E574,C001
E575,1234,employee,E575,C001
E576,1234,employee,E576,C001
E577,1234,employee,E577,C001
E578,1234,employee,E578,C001
E579,1234,employee,E579,C001
E580,1234,employee,E580,C001
E581,1234,employee,E581,C001
E582,1234,employee,E582,C001
E583,1234,employee,E583,C001
E584,1234,employee,E584,C001
E585,1234,employee,E585,C001
E586,1234,employee,E586,C001
E587,1234,employee,E587,C001
E588,1234,employee,E588,C001
E589,1234,employee,E589,C001
E590,1234,employee,E590,C001
E591,1234,employee,E591,C001
E592,1234,employee,E592,C001
E593,1234,employee,E593,C001
E594,1234,employee,E594,C001
E595,1234,employee,E595,C001
E596,1234,employee,E596,C001
E597,1234,employee,E597,C001
E598,1234,employee,E598,C001
E599,1234,employee,E599,C001
E600,1234,employee,E600,C001
E601,1234,employee,E601,C001
E602,1234,employee,E602,C001
E603,1234,employee,E603,C001
E604,1234,employee,E604,C001
E605,1234,employee,E605,C001
E606,1234,employee,E606,C001
E607,1234,employee,E607,C001
E608,1234,employee,E608,C001
E609,1234,employee,E609,C001
E610,1234,employee,E610,C001
E611,1234,employee,E611,C001
E612,1234,employee,E612,C001
E613,1234,employee,E613,C001
E614,1234,employee,E614,C001
E615,1234,employee,E615,C001
E616,1234,employee,E616,C001
E617,1234,employee,E617,C001
E618,1234,employee,E618,C001
E619,1234,employee,E619,C001
E620,1234,employee,E620,C001
E621,1234,employee,E621,C001
E622,1234,employee,E622,C001
E623,1234,employee,E623,C001
E624,1234,employee,E624,C001
E625,1234,employee,E625,C001
E626,1234,employee,E626,C001
E627,1234,employee,E627,C001
E628,1234,employee,E628,C001
E629,1234,employee,E629,C001
E630,1234,employee,E630,C001
E631,1234,employee,E631,C001
E632,1234,employee,E632,C001
E633,1234,employee,E633,C001
E634,1234,employee,E634,C001
E635,1234,employee,E635,C001
E636,1234,employee,E636,C001
E637,1234,employee,E637,C001
E638,1234,employee,E638,C001
E639,1234,employee,E639,C001
E640,1234,employee,E640,C001
E641,1234,employee,E641,C001
E642,1234,employee,E642,C001
E643,1234,employee,E643,C001
E644,1234,employee,E644,C001
E645,1234,employee,E645,C001
E646,1234,employee,E646,C001
E647,1234,employee,E647,C001
E648,1234,employee,E648,C001
E649,1234,employee,E649,C001
E650,1234,employee,E650,C001
E651,1234,employee,E651,C001
E652,1234,employee,E652,C001
E653,1234,employee,E653,C001
E654,1234,employee,E654,C001
E655,1234,employee,E655,C001
E656,1234,employee,E656,C001
E657,1234,employee,E657,C001
E658,1234,employee,E658,C001
E659,1234,employee,E659,C001
E660,1234,employee,E660,C001
E661,1234,employee,E661,C001
E662,1234,employee,E662,C001
E663,1234,employee,E663,C001
E664,1234,employee,E664,C001
E665,1234,employee,E665,C001
E666,1234,employee,E666,C001
E667,1234,employee,E667,C001
E668,1234,employee,E668,C001
E669,1234,employee,E669,C001
E670,1234,employee,E670,C001
E671,1234,employee,E671,C001
E672,1234,employee,E672,C001
E673,1234,employee,E673,C001
E674,1234,employee,E674,C001
E675,1234,employee,E675,C001
E676,1234,employee,E676,C001
E677,1234,employee,E677,C001
E678,1234,employee,E678,C001
E679,1234,employee,E679,C001
E680,1234,employee,E680,C001
E681,1234,employee,E681,C001
E682,1234,employee,E682,C001
E683,1234,employee,E683,C001
E684,1234,employee,E684,C001
E685,1234,employee,E685,C001
E686,1234,employee,E686,C001
E687,1234,employee,E687,C001
E688,1234,employee,E688,C001
E689,1234,employee,E689,C001
E690,1234,employee,E690,C001
E691,1234,employee,E691,C001
E692,1234,employee,E692,C001
E693,1234,employee,E693,C001
E694,1234,employee,E694,C001
E695,1234,employee,E695,C001
E696,1234,employee,E696,C001
E697,1234,employee,E697,C001
E698,1234,employee,E698,C001
E699,1234,employee,E699,C001
E700,1234,employee,E700,C001
E701,1234,employee,E701,C001
E702,1234,employee,E702,C001
E703,1234,employee,E703,C001
E704,1234,employee,E704,C001
E705,1234,employee,E705,C001
E706,1234,employee,E706,C001
E707,1234,employee,E707,C001
E708,1234,employee,E708,C001
E709,1234,employee,E709,C001
E710,1234,employee,E710,C001
E711,1234,employee,E711,C001
E712,1234,employee,E712,C001
E713,1234,employee,E713,C001
E714,1234,employee,E714,C001
E715,1234,employee,E715,C001
E716,1234,employee,E716,C001
E717,1234,employee,E717,C001
E718,1234,employee,E718,C001
E719,1234,employee,E719,C001
E720,1234,employee,E720,C001
E721,1234,employee,E721,C001
E722,1234,employee,E722,C001
E723,1234,employee,E723,C001
E724,1234,employee,E724,C001
E725,1234,employee,E725,C001
E726,1234,employee,E726,C001
E727,1234,employee,E727,C001
E728,1234,employee,E728,C001
E729,1234,employee,E729,C001
E730,1234,employee,E730,C001
E731,1234,employee,E731,C001
E732,1234,employee,E732,C001
E733,1234,employee,E733,C001
E734,1234,employee,E734,C001
E735,1234,employee,E735,C001
E736,1234,employee,E736,C001
E737,1234,employee,E737,C001
E738,1234,employee,E738,C001
E739,1234,employee,E739,C001
E740,1234,employee,E740,C001
E741,1234,employee,E741,C001
E742,1234,employee,E742,C001
E743,1234,employee,E743,C001
E744,1234,employee,E744,C001
E745,1234,employee,E745,C001
E746,1234,employee,E746,C001
E747,1234,employee,E747,C001
E748,1234,employee,E748,C001
E749,1234,employee,E749,C001
E750,1234,employee,E750,C001
E751,1234,employee,E751,C001
E752,1234,employee,E752,C001
E753,1234,employee,E753,C001
E754,1234,employee,E754,C001
E755,1234,employee,E755,C001
E756,1234,employee,E756,C001
E757,1234,employee,E757,C001
E758,1234,employee,E758,C001
E759,1234,employee,E759,C001
E760,1234,employee,E760,C001
E761,1234,employee,E761,C001
E762,1234,employee,E762,C001
E763,1234,employee,E763,C001
E764,1234,employee,E764,C001
E765,1234,employee,E765,C001
E766,1234,employee,E766,C001
E767,1234,employee,E767,C001
E768,1234,employee,E768,C001
E769,1234,employee,E769,C001
E770,1234,employee,E770,C001
E771,1234,employee,E771,C001
E772,1234,employee,E772,C001
E773,1234,employee,E773,C001
E774,1234,employee,E774,C001
E775,1234,employee,E775,C001
E776,1234,employee,E776,C001
E777,1234,employee,E777,C001
E778,1234,employee,E778,C001
E779,1234,employee,E779,C001
E780,1234,employee,E780,C001
E781,1234,employee,E781,C001
E782,1234,employee,E782,C001
E783,1234,employee,E783,C001
E784,1234,employee,E784,C001
E785,1234,employee,E785,C001
E786,1234,employee,E786,C001
E787,1234,employee,E787,C001
E788,1234,employee,E788,C001
E789,1234,employee,E789,C001
E790,1234,employee,E790,C001
E791,1234,employee,E791,C001
E792,1234,employee,E792,C001
E793,1234,employee,E793,C001
E794,1234,employee,E794,C001
E795,1234,employee,E795,C001
E796,1234,employee,E796,C001
E797,1234,employee,E797,C001
E798,1234,employee,E798,C001
E799,1234,employee,E799,C001
E800,1234,employee,E800,C001
E801,1234,employee,E801,C001
E802,1234,employee,E802,C001
E803,1234,employee,E803,C001
E804,1234,employee,E804,C001
E805,1234,employee,E805,C001
E806,1234,employee,E806,C001
E807,1234,employee,E807,C001
E808,1234,employee,E808,C001
E809,1234,employee,E809,C001
E810,1234,employee,E810,C001
E811,1234,employee,E811,C001
E812,1234,employee,E812,C001
E813,1234,employee,E813,C001
E814,1234,employee,E814,C001
E815,1234,employee,E815,C001
E816,1234,employee,E816,C001
CORP001,admin123,enterprise,,C001
